source_group,source_name,source_question,source_record_id,question,source_answer,action,duplicate_of,verification_status,verified_answer,dmbok_2017_pages,dmbok_2024_pages,notes
Data Strategy Professionals Set 1,Data Strategy Professionals Question Set #1,1,dsp1-q001,Which of the following is NOT a stage of the Data Quality Management Cycle?,Intervene,duplicate,chapter-13-q014,duplicate,,,,Semantic duplicate: same DMBOK proposition and answer logic as the retained item.
Data Strategy Professionals Set 1,Data Strategy Professionals Question Set #1,2,dsp1-q002,Which of the following is NOT included in the 2015 opinion of the European Data Protection Supervisor (EDPS) on digital ethics?,Right to request removal of personal data,added,,verified,Right to request removal of personal data,52,54,
Data Strategy Professionals Set 1,Data Strategy Professionals Question Set #1,3,dsp1-q003,"Within the Data Governance framework, which component incorporates education, training, and raising awareness?",Communication,added,,verified,Communication,85,87,
Data Strategy Professionals Set 1,Data Strategy Professionals Question Set #1,4,dsp1-q004,"In the Data Management Practices Hierarchy, advanced data practices include the following except:",Data Quality,added,,verified,Data Quality,39,41,
Data Strategy Professionals Set 1,Data Strategy Professionals Question Set #1,5,dsp1-q005,Which position should be responsible for leading the Data Governance Council (DGC)?,Chief Data Steward or Chief Data Officer,added,,verified,Chief Data Steward or Chief Data Officer,76,76,
Data Strategy Professionals Set 1,Data Strategy Professionals Question Set #1,6,dsp1-q006,Which of the following Knowledge Areas provides version control information about an organization’s datasets?,Metadata,added,,verified,Metadata,422,400,
Data Strategy Professionals Set 1,Data Strategy Professionals Question Set #1,7,dsp1-q007,What is a hash?,An algorithm that converts text into encoded values,added,,verified,An algorithm that converts text into encoded values,227,218,
Data Strategy Professionals Set 1,Data Strategy Professionals Question Set #1,8,dsp1-q008,Which type of metadata focuses on the content and condition of data and includes details related to Data Governance?,Business Metadata,duplicate,chapter-12-q006,duplicate,,,,Semantic duplicate: same DMBOK proposition and answer logic as the retained item.
Data Strategy Professionals Set 1,Data Strategy Professionals Question Set #1,9,dsp1-q009,Taxonomy refers to…,Any classification or controlled vocabulary,added,,verified,Any classification or controlled vocabulary,312,296,
Data Strategy Professionals Set 1,Data Strategy Professionals Question Set #1,10,dsp1-q010,Which position is responsible for the quality and use of the organization's data assets?,Data Steward,added,,verified,Data Steward,77,76,
Data Strategy Professionals Set 1,Data Strategy Professionals Question Set #1,11,dsp1-q011,Which is the most accurate definition of the term data lifecycle?,"The path along which data moves from its point of origin to its point of storage, usage, or disposal",added,,verified,"The path along which data moves from its point of origin to its point of storage, usage, or disposal",173,169,
Data Strategy Professionals Set 1,Data Strategy Professionals Question Set #1,12,dsp1-q012,What is the correct definition of change data capture?,A Data Integration approach that updates a Data Warehouse with small changes from Operational Systems,added,,verified,A Data Integration approach that updates a Data Warehouse with small changes from Operational Systems,190,185,
Data Strategy Professionals Set 1,Data Strategy Professionals Question Set #1,13,dsp1-q013,What is the purpose of the Conceptual Data Model?,To capture high-level data requirements as a collection of related concepts,added,,verified,To capture high-level data requirements as a collection of related concepts,145,143,
Data Strategy Professionals Set 1,Data Strategy Professionals Question Set #1,14,dsp1-q014,A dataset composed of county-level statistics provided by the national government would be an example of:,Reference Data,added,,verified,Reference Data,350,332,
Data Strategy Professionals Set 1,Data Strategy Professionals Question Set #1,15,dsp1-q015,"When Metadata activities are focused on documents, the information is referred to as…",Preservation Metadata,added,,verified,Preservation Metadata,425,402,
Data Strategy Professionals Set 1,Data Strategy Professionals Question Set #1,16,dsp1-q016,"A dataset composed of the X, Y coordinates of company store locations would be an example of:",Master Data,added,,verified,Master Data,359,340,
Data Strategy Professionals Set 1,Data Strategy Professionals Question Set #1,17,dsp1-q017,What causes data redundancy or data rot?,All of the above,added,,verified,All of the above,29,32,
Data Strategy Professionals Set 1,Data Strategy Professionals Question Set #1,18,dsp1-q018,What is the definition of a business rule in the context of Data Governance?,Defines constraints on what can and cannot be done in the organization,added,,verified,Defines constraints on what can and cannot be done in the organization,464,432,
Data Strategy Professionals Set 1,Data Strategy Professionals Question Set #1,19,dsp1-q019,A dataset composed of customer credit reports purchased from a third-party vendor would be an example of:,Reference Data,added,,verified,Reference Data,352,334,
Data Strategy Professionals Set 1,Data Strategy Professionals Question Set #1,20,dsp1-q020,Which of the following is true of a recursive relationship?,All of the above,added,,verified,All of the above,131,131,
Data Strategy Professionals Set 1,Data Strategy Professionals Question Set #1,21,dsp1-q021,What is the purpose of the Physical Data Model?,To document how data should be stored and accessed,added,,verified,To document how data should be stored and accessed,148,145,
Data Strategy Professionals Set 1,Data Strategy Professionals Question Set #1,22,dsp1-q022,Which of the following is the best definition of referential integrity?,Rules that ensure data validity,added,,verified,Rules that ensure data validity,468,439,
Data Strategy Professionals Set 1,Data Strategy Professionals Question Set #1,23,dsp1-q023,Which of the following is the best definition of a Data Warehouse?,Any data stores or extracts used to support the delivery of Business Intelligence,added,,verified,Any data stores or extracts used to support the delivery of Business Intelligence,384,364,
Data Strategy Professionals Set 1,Data Strategy Professionals Question Set #1,24,dsp1-q024,What is the purpose of a data lineage tool?,To track historical changes to a dataset,excluded,,excluded_source_conflict,,,,"The source key/citation does not state the DMBOK purpose of a lineage tool; no listed choice fully captures source-to-target movement, transformation, and impact analysis."
Data Strategy Professionals Set 1,Data Strategy Professionals Question Set #1,25,dsp1-q025,What is the purpose of the Logical Data Model?,To define the structure of data elements and the relationships between them,added,,verified,To define the structure of data elements and the relationships between them,146,144,
Data Strategy Professionals Set 1,Data Strategy Professionals Question Set #1,26,dsp1-q026,What are the two perspectives on an organization's data?,Business and technical perspectives,added,,verified,Business and technical perspectives,87,81,
Data Strategy Professionals Set 1,Data Strategy Professionals Question Set #1,27,dsp1-q027,Which international initiative established a capital standard for banking institutions?,Basel II,added,,verified,Basel II,247,237,
Data Strategy Professionals Set 1,Data Strategy Professionals Question Set #1,28,dsp1-q028,What is the definition of cardinality?,Defines how many instances of one entity are related to instances of another entity,added,,verified,Defines how many instances of one entity are related to instances of another entity,130,130,
Data Strategy Professionals Set 1,Data Strategy Professionals Question Set #1,29,dsp1-q029,Which of the following is NOT a part of the Strategic Alignment Model?,Stakeholder Management,added,,verified,Stakeholder Management,34,36,
Data Strategy Professionals Set 1,Data Strategy Professionals Question Set #1,30,dsp1-q030,Why would an organization choose to purchase Reference Data?,To enhance data quality and to facilitate analysis across the organization,added,,verified,To enhance data quality and to facilitate analysis across the organization,353,338,
Data Strategy Professionals Set 1,Data Strategy Professionals Question Set #1,31,dsp1-q031,Which of the following is at the core of the DAMA wheel?,Data Governance,added,,verified,Data Governance,35,37,
Data Strategy Professionals Set 1,Data Strategy Professionals Question Set #1,32,dsp1-q032,A Business Continuity Plan should include which of the following?,Outline of how a business will continue operating during an unplanned disruption in service,added,,verified,Outline of how a business will continue operating during an unplanned disruption in service,327,310,
Data Strategy Professionals Set 1,Data Strategy Professionals Question Set #1,33,dsp1-q033,Which organization should be responsible for leading Data Governance?,Data Governance Council,added,,verified,Data Governance Council,83,86,
Data Strategy Professionals Set 1,Data Strategy Professionals Question Set #1,34,dsp1-q034,Which of the following statements is NOT true of DAMA's Environmental Factors Hexagon?,It elaborates on the relationship between knowledge areas,added,,verified,It elaborates on the relationship between knowledge areas,35,38,
Data Strategy Professionals Set 1,Data Strategy Professionals Question Set #1,35,dsp1-q035,What is the definition of a surrogate key?,"A unique identifier attached to each record, which may be used as a primary key",added,,verified,"A unique identifier attached to each record, which may be used as a primary key",134,133,
Data Strategy Professionals Set 1,Data Strategy Professionals Question Set #1,36,dsp1-q036,Which of the following is the correct definition of data mining?,"The process of finding anomalies, patterns, and correlations within large datasets to predict outcomes",added,,verified,"The process of finding anomalies, patterns, and correlations within large datasets to predict outcomes",507,481,
Data Strategy Professionals Set 1,Data Strategy Professionals Question Set #1,37,dsp1-q037,Which of the following is NOT a responsibility of the Data Quality Oversight Board?,Conducting feedback interviews with customers,added,,verified,Conducting feedback interviews with customers,474,425,
Data Strategy Professionals Set 1,Data Strategy Professionals Question Set #1,38,dsp1-q038,"Which of the following represents the number of connections in a point-to-point Data Integration system, where n represents the number of databases to be integrated?",(n (n - 1)) / 2,added,,verified,(n (n - 1)) / 2,280,267,
Data Strategy Professionals Set 1,Data Strategy Professionals Question Set #1,39,dsp1-q039,What are relationship labels in database technology?,Verb phrases describing business rules in each direction between two entities,added,,verified,Verb phrases describing business rules in each direction between two entities,160,158,
Data Strategy Professionals Set 1,Data Strategy Professionals Question Set #1,40,dsp1-q040,What is the purpose of ISO 8000?,Enable the exchange of complex information in an application-neutral form,added,,verified,Enable the exchange of complex information in an application-neutral form,461,465,
Data Strategy Professionals Set 1,Data Strategy Professionals Question Set #1,41,dsp1-q041,"A specific type of metadata that focuses on the context, meaning, and relevance of data within an organization is called…",Business Metadata,duplicate,dsp1-q008,duplicate,,,,Semantic duplicate: same DMBOK proposition and answer logic as the retained item.
Data Strategy Professionals Set 1,Data Strategy Professionals Question Set #1,42,dsp1-q042,Which of the following statements describes Master & Reference Data?,Master Data provides the context for business activity data in the form of common and abstract concepts while Reference Data is used solely to relate data in a database to information beyond the boundaries of the organization,added,,verified,Master Data provides the context for business activity data in the form of common and abstract concepts while Reference Data is used solely to relate data in a database to information beyond the boundaries of the organization,350,332,
Data Strategy Professionals Set 1,Data Strategy Professionals Question Set #1,43,dsp1-q043,Which is the most important Data Quality dimension?,It is impossible to identify the most important Data Quality dimension,added,,verified,It is impossible to identify the most important Data Quality dimension,458,429,
Data Strategy Professionals Set 1,Data Strategy Professionals Question Set #1,44,dsp1-q044,What is an alternate key?,A candidate key not selected to be the primary key,added,,verified,A candidate key not selected to be the primary key,134,133,
Data Strategy Professionals Set 1,Data Strategy Professionals Question Set #1,45,dsp1-q045,Which process involves creating artifacts to describe the existing state of data across an organization?,Data Architecture,added,,verified,Data Architecture,98,100,
Data Strategy Professionals Set 1,Data Strategy Professionals Question Set #1,46,dsp1-q046,The Physical Data Model does NOT include which of the following?,Indicator of Data Steward owner,added,,verified,Indicator of Data Steward owner,201,195,
Data Strategy Professionals Set 1,Data Strategy Professionals Question Set #1,47,dsp1-q047,What are three qualities of an effective Data Governance process?,"Sustainable, embedded, measured",duplicate,chapter-3-q007,duplicate,,,,Semantic duplicate: same DMBOK proposition and answer logic as the retained item.
Data Strategy Professionals Set 1,Data Strategy Professionals Question Set #1,48,dsp1-q048,Which of the following is NOT a key?,Logical key,added,,verified,Logical key,133,133,
Data Strategy Professionals Set 1,Data Strategy Professionals Question Set #1,49,dsp1-q049,What are the Belmont Principles?,"Respect for Persons, Beneficence, Justice",duplicate,chapter-2-q004,duplicate,,,,Semantic duplicate: same DMBOK proposition and answer logic as the retained item.
Data Strategy Professionals Set 1,Data Strategy Professionals Question Set #1,50,dsp1-q050,What is the name of the legislation that protects educational records in the United States?,FERPA,added,,verified,FERPA,237,228,
Data Strategy Professionals Set 2,Data Strategy Professionals Question Set #2,1,dsp2-q001,Which of the following Data Storage systems supplies advanced analytics?,Data Warehouse,added,,verified,Data Warehouse,383,362,
Data Strategy Professionals Set 2,Data Strategy Professionals Question Set #2,2,dsp2-q002,How is Data Governance defined?,Exercise of authority and control over the management of data assets,added,,verified,Exercise of authority and control over the management of data assets,67,69,
Data Strategy Professionals Set 2,Data Strategy Professionals Question Set #2,3,dsp2-q003,How does metadata help an organization?,Reduce data-oriented research time,added,,verified,Reduce data-oriented research time,420,397,
Data Strategy Professionals Set 2,Data Strategy Professionals Question Set #2,4,dsp2-q004,What is the main objective when implementing a Data Warehouse?,Enable effective business analysis and decision-making,added,,verified,Enable effective business analysis and decision-making,383,362,
Data Strategy Professionals Set 2,Data Strategy Professionals Question Set #2,5,dsp2-q005,"Which of the following is a directive that codifies principles and management intent into fundamental rules governing the creation, acquisition, integrity, security, quality, and use of data?",Data policy,added,,verified,Data policy,77,79,
Data Strategy Professionals Set 2,Data Strategy Professionals Question Set #2,6,dsp2-q006,Which of the following represents the type of data analysis aimed at understanding organizational activities and opportunities?,Business Intelligence,added,,verified,Business Intelligence,384,364,
Data Strategy Professionals Set 2,Data Strategy Professionals Question Set #2,7,dsp2-q007,What is the definition of Industry Reference Data?,Datasets that are created and maintained by industry associations to provide a common standard for codifying important concepts,added,,verified,Datasets that are created and maintained by industry associations to provide a common standard for codifying important concepts,356,337,
Data Strategy Professionals Set 2,Data Strategy Professionals Question Set #2,8,dsp2-q008,Which of the following is most crucial for risk management?,Metadata,added,,verified,Metadata,418,397,
Data Strategy Professionals Set 2,Data Strategy Professionals Question Set #2,9,dsp2-q009,"In addition to ongoing updates, what is the other main Data Integration process that takes place in a Data Warehouse?",Historical load,added,,verified,Historical load,392,371,
Data Strategy Professionals Set 2,Data Strategy Professionals Question Set #2,10,dsp2-q010,Which of the following data masking methods replaces the original data with a substitute value that is a random value or standard pattern similar to the original data?,Substitution,added,,verified,Substitution,228,220,
Data Strategy Professionals Set 2,Data Strategy Professionals Question Set #2,11,dsp2-q011,Which of the following are categories of metadata?,"Business, technical, and operational",added,,verified,"Business, technical, and operational",422,399,
Data Strategy Professionals Set 2,Data Strategy Professionals Question Set #2,12,dsp2-q012,What is the definition of an entity?,A thing about which an organization collects information,added,,verified,A thing about which an organization collects information,127,127,
Data Strategy Professionals Set 2,Data Strategy Professionals Question Set #2,13,dsp2-q013,Which of the following processes refers to the selection of required data from its source?,Extract,added,,verified,Extract,273,261,
Data Strategy Professionals Set 2,Data Strategy Professionals Question Set #2,14,dsp2-q014,"Depending on the database technology or data modeling tool and whether the entities involved have mutual dependencies, when a relationship is defined between two entities, which of the following may be created implicitly?",A foreign key,added,,verified,A foreign key,132,132,
Data Strategy Professionals Set 2,Data Strategy Professionals Question Set #2,15,dsp2-q015,Which kind of metadata provides information about content and condition of the data?,Business metadata,duplicate,dsp1-q008,duplicate,,,,Semantic duplicate: same DMBOK proposition and answer logic as the retained item.
Data Strategy Professionals Set 2,Data Strategy Professionals Question Set #2,16,dsp2-q016,A combined set of attributes that uniquely identify an entity instance is a…,Super key,added,,verified,Super key,134,133,
Data Strategy Professionals Set 2,Data Strategy Professionals Question Set #2,17,dsp2-q017,Which of the following statements accurately characterizes the difference between data processing in a traditional Data Warehouse and a Big Data environment?,"In a traditional Data Warehouse, data is extracted, transformed, and then loaded; while in a Big Data environment, data is extracted, loaded, and then transformed",added,,verified,"In a traditional Data Warehouse, data is extracted, transformed, and then loaded; while in a Big Data environment, data is extracted, loaded, and then transformed",503,476,
Data Strategy Professionals Set 2,Data Strategy Professionals Question Set #2,18,dsp2-q018,Which of the following provides a means of standardizing the possible values of a data element?,A domain,added,,verified,A domain,135,134,
Data Strategy Professionals Set 2,Data Strategy Professionals Question Set #2,19,dsp2-q019,"When data values must be associated in chronological order and with specific time values, how does the DMBOK refer to the type of patterns that are used?",Time-based patterns,duplicate,chapter-5-q020,duplicate,,,,Semantic duplicate: same DMBOK proposition and answer logic as the retained item.
Data Strategy Professionals Set 2,Data Strategy Professionals Question Set #2,20,dsp2-q020,Bandwidth can be reduced by filtering an update to include only data that has been changed within a defined timeframe. What is the name for this process?,Change data capture,duplicate,chapter-8-q010,duplicate,,,,Semantic duplicate: same DMBOK proposition and answer logic as the retained item.
Data Strategy Professionals Set 2,Data Strategy Professionals Question Set #2,21,dsp2-q021,Which of the following is a Data Quality principle?,All of the above,added,,verified,All of the above,452,428,
Data Strategy Professionals Set 2,Data Strategy Professionals Question Set #2,22,dsp2-q022,Applications often compete for access to the same dataset. How can this issue be remedied?,Setting up data replication,added,,verified,Setting up data replication,279,266,
Data Strategy Professionals Set 2,Data Strategy Professionals Question Set #2,23,dsp2-q023,The data modeling technique suited for information that changes over time in both structure and content is…,Anchor modeling,added,,verified,Anchor modeling,142,141,
Data Strategy Professionals Set 2,Data Strategy Professionals Question Set #2,24,dsp2-q024,Which of the following is a downside of the hub-and-spoke model of Data Integration?,It creates performance bottlenecks,added,,verified,It creates performance bottlenecks,281,268,
Data Strategy Professionals Set 2,Data Strategy Professionals Question Set #2,25,dsp2-q025,How does the DMBOK refer to an organization that values data as an asset and manages data through all phases of its lifecycle?,A data-centric organization,added,,verified,A data-centric organization,73,75,
Data Strategy Professionals Set 2,Data Strategy Professionals Question Set #2,26,dsp2-q026,Which components are included in the three-schema approach to database management developed by SPARC?,"Conceptual, external, internal",duplicate,practice-test-1-q023,duplicate,,,,Semantic duplicate: same DMBOK proposition and answer logic as the retained item.
Data Strategy Professionals Set 2,Data Strategy Professionals Question Set #2,27,dsp2-q027,Which of the following terms refers to multiple processes that are organized and executed in a system?,Orchestration,duplicate,practice-test-1-q048,duplicate,,,,Semantic duplicate: same DMBOK proposition and answer logic as the retained item.
Data Strategy Professionals Set 2,Data Strategy Professionals Question Set #2,28,dsp2-q028,"Which term refers to the technical team that will ensure data meets organizational needs, define technical architecture, and install and administer technology?",Database technology support,added,,verified,Database technology support,170,166,
Data Strategy Professionals Set 2,Data Strategy Professionals Question Set #2,29,dsp2-q029,Which of the following is a valid description of Data Management?,All of the above,added,,verified,All of the above,17,19,
Data Strategy Professionals Set 2,Data Strategy Professionals Question Set #2,30,dsp2-q030,The purpose of a business glossary is to…,"Document an organization’s business concepts and terminology, definitions, and the relationships between those terms",added,,verified,"Document an organization’s business concepts and terminology, definitions, and the relationships between those terms",426,403,
Data Strategy Professionals Set 2,Data Strategy Professionals Question Set #2,31,dsp2-q031,What is the most significant business driver for developing organizational capabilities around Big Data and Data Science?,The desire to find and act on business opportunities that may be discovered through large datasets,duplicate,practice-test-1-q100,duplicate,,,,Semantic duplicate: same DMBOK proposition and answer logic as the retained item.
Data Strategy Professionals Set 2,Data Strategy Professionals Question Set #2,32,dsp2-q032,"Which principles focus on ideas such as fairness, transparency, and reliability?",Data Ethics principles,added,,verified,Data Ethics principles,49,51,
Data Strategy Professionals Set 2,Data Strategy Professionals Question Set #2,33,dsp2-q033,"Ensuring the performance and reliability of the database through performance tuning, monitoring, error reporting, and other activities is a responsibility of…",Production DBAs,added,,verified,Production DBAs,173,170,
Data Strategy Professionals Set 2,Data Strategy Professionals Question Set #2,34,dsp2-q034,Which of the following is one of the responsibilities of a Data Architect?,Describe the current state of data and information delivery throughout the enterprise,added,,verified,Describe the current state of data and information delivery throughout the enterprise,99,101,
Data Strategy Professionals Set 2,Data Strategy Professionals Question Set #2,35,dsp2-q035,Which of the following is a guiding principle of Data Storage & Operations?,Identify and act on automation opportunities,added,,verified,Identify and act on automation opportunities,171,168,
Data Strategy Professionals Set 2,Data Strategy Professionals Question Set #2,36,dsp2-q036,What term is used to describe how many instances of one entity are involved in the relationship with instances of another entity?,Relationship Cardinality,duplicate,dsp1-q028,duplicate,,,,Semantic duplicate: same DMBOK proposition and answer logic as the retained item.
Data Strategy Professionals Set 2,Data Strategy Professionals Question Set #2,37,dsp2-q037,What is the purpose of Data Governance?,"Ensure that data is managed properly, according to policies and best practices",duplicate,chapter-3-q001,duplicate,,,,Semantic duplicate: same DMBOK proposition and answer logic as the retained item.
Data Strategy Professionals Set 2,Data Strategy Professionals Question Set #2,38,dsp2-q038,Which of the following is a core assumption underlying Data Ethics?,Data has economic value,added,,verified,Data has economic value,49,51,
Data Strategy Professionals Set 2,Data Strategy Professionals Question Set #2,39,dsp2-q039,Which of the following statements regarding the principles of Data Management is NOT accurate?,The primary goal is to ensure the organization understands stakeholders’ requirements for the quality of data,added,,verified,The primary goal is to ensure the organization understands stakeholders’ requirements for the quality of data,21,24,
Data Strategy Professionals Set 2,Data Strategy Professionals Question Set #2,40,dsp2-q040,A Data Governance program should be…,All of the above,added,,verified,All of the above,71,74,
Data Strategy Professionals Set 2,Data Strategy Professionals Question Set #2,41,dsp2-q041,What is Data Stewardship?,A position accountable and responsible for data within a specified domain,duplicate,dsp1-q010,duplicate,,,,Semantic duplicate: same DMBOK proposition and answer logic as the retained item.
Data Strategy Professionals Set 2,Data Strategy Professionals Question Set #2,42,dsp2-q042,What is the difference between metadata and data?,Metadata provides meaningful information about data,added,,verified,Metadata provides meaningful information about data,422,399,
Data Strategy Professionals Set 2,Data Strategy Professionals Question Set #2,43,dsp2-q043,Which process focuses on enabling an integrated and historical business context on operational data?,Data Warehousing,added,,verified,Data Warehousing,385,364,
Data Strategy Professionals Set 2,Data Strategy Professionals Question Set #2,44,dsp2-q044,Which of the following is NOT a goal of Data Quality?,"Understand and comply with all relevant regulations and policies for privacy, protection, and confidentiality",added,,verified,"Understand and comply with all relevant regulations and policies for privacy, protection, and confidentiality",451,426,
Data Strategy Professionals Set 2,Data Strategy Professionals Question Set #2,45,dsp2-q045,What is the most common definition of metadata?,Data about data,added,,verified,Data about data,417,395,
Data Strategy Professionals Set 2,Data Strategy Professionals Question Set #2,46,dsp2-q046,Which of the following allows the capture and maintenance of the source structures for each attribute on the data model?,Lineage tools,added,,verified,Lineage tools,159,157,
Data Strategy Professionals Set 2,Data Strategy Professionals Question Set #2,47,dsp2-q047,"A company wants to show the growth of their sales from the past year to the current year. They create two bar charts that show the sales for each year. However, they use a different scale for the current year’s sales that makes it look like the sales have grown much more than they actually have. Which unethical data handling risk is presented in this case study?",Misleading visualizations,added,,verified,Misleading visualizations,57,59,
Data Strategy Professionals Set 2,Data Strategy Professionals Question Set #2,48,dsp2-q048,Which of the following refers to the boundary between an organization’s environments and exterior systems?,Perimeter,added,,verified,Perimeter,230,222,
Data Strategy Professionals Set 2,Data Strategy Professionals Question Set #2,49,dsp2-q049,What can an organization NOT do without Metadata?,All of the above,added,,verified,All of the above,418,397,
Data Strategy Professionals Set 2,Data Strategy Professionals Question Set #2,50,dsp2-q050,Data Privacy laws exist to…,Establish the right to the protection of one's personal data,added,,verified,Establish the right to the protection of one's personal data,53,55,
Data Strategy Professionals Set 3,Data Strategy Professionals Question Set #3,1,dsp3-q001,What is the primary goal of sentiment analysis?,"To classify the text based on the mood or mentality expressed in the text, which can be positive, negative, or neutral",added,,verified,"To classify the text based on the mood or mentality expressed in the text, which can be positive, negative, or neutral",507,480,
Data Strategy Professionals Set 3,Data Strategy Professionals Question Set #3,2,dsp3-q002,What is the purpose of Data Modeling?,Providing for the understanding the organization’s data,added,,verified,Providing for the understanding the organization’s data,126,126,
Data Strategy Professionals Set 3,Data Strategy Professionals Question Set #3,3,dsp3-q003,Big Data was initially characterized by _______ V's but the number of V's has been expanded to _______.,"3, 6",added,,verified,"3, 6",502,476,
Data Strategy Professionals Set 3,Data Strategy Professionals Question Set #3,4,dsp3-q004,What is the purpose of a Data Flow Design diagram?,Shows how data moves through business processes and systems,added,,verified,Shows how data moves through business processes and systems,107,109,
Data Strategy Professionals Set 3,Data Strategy Professionals Question Set #3,5,dsp3-q005,"According to the DMBOK, more than _______ of the documents created today are electronic.",90%,added,,verified,90%,315,299,
Data Strategy Professionals Set 3,Data Strategy Professionals Question Set #3,6,dsp3-q006,"The implementation of a Data Warehouse should comply with the following guiding principles, except:",Ensure business analysts are involved in decision support activities across the enterprise,duplicate,chapter-11-q004,duplicate,,,,Semantic duplicate: same DMBOK proposition and answer logic as the retained item.
Data Strategy Professionals Set 3,Data Strategy Professionals Question Set #3,7,dsp3-q007,The process of improving first-party data with context from external sources is called...,Data enhancing,added,,verified,Data enhancement,471,452,Editorial wording normalized from “Data enhancing” to the DMBOK term “Data enhancement”; the keyed answer is unchanged.
Data Strategy Professionals Set 3,Data Strategy Professionals Question Set #3,8,dsp3-q008,Which of the following is used to exchange information in the Semantic Web?,Ontology,added,,verified,Ontology,314,297,
Data Strategy Professionals Set 3,Data Strategy Professionals Question Set #3,9,dsp3-q009,Which of the following is NOT a Master Data Management project?,Cloud Computing Management (CCM),excluded,,excluded_ambiguous,,,,The “NOT an MDM project” stem has more than one defensible distractor and therefore does not support one unambiguous DMBOK answer.
Data Strategy Professionals Set 3,Data Strategy Professionals Question Set #3,10,dsp3-q010,Data Management principles include all but one of the following?,Data Management must be conducted by experts,added,,verified,Data Management must be conducted by experts,21,23,
Data Strategy Professionals Set 3,Data Strategy Professionals Question Set #3,11,dsp3-q011,Data created while operational processes are in progress is referred to as...,Business event information,added,,verified,Business event information,127,126,
Data Strategy Professionals Set 3,Data Strategy Professionals Question Set #3,12,dsp3-q012,What is the importance of Data Governance in Data Management?,It governs how decisions are made about data and how people and processes are expected to behave in relation to data,duplicate,chapter-3-q001,duplicate,,,,Semantic duplicate: same DMBOK proposition and answer logic as the retained item.
Data Strategy Professionals Set 3,Data Strategy Professionals Question Set #3,13,dsp3-q013,Basic data profiling involves analysis of all of the following except:,Correct data flow throughout the organization,added,,verified,Correct data flow throughout the organization,288,275,
Data Strategy Professionals Set 3,Data Strategy Professionals Question Set #3,14,dsp3-q014,"In the context of Data Warehousing, what does the acronym CIF stand for?",Corporate Information Factory,duplicate,chapter-11-q007,duplicate,,,,Semantic duplicate: same DMBOK proposition and answer logic as the retained item.
Data Strategy Professionals Set 3,Data Strategy Professionals Question Set #3,15,dsp3-q015,Which of the following is NOT a function of Data Architects?,Strategize on how to procure data that meets the needs of the organization,added,,verified,Strategize on how to procure data that meets the needs of the organization,99,101,
Data Strategy Professionals Set 3,Data Strategy Professionals Question Set #3,16,dsp3-q016,Two systems that are tightly coupled are characterized by what kind of interface?,Synchronous,added,,verified,Synchronous,281,268,
Data Strategy Professionals Set 3,Data Strategy Professionals Question Set #3,17,dsp3-q017,What is e-discovery?,The process of finding electronic records that might serve as evidence in a legal action,duplicate,chapter-9-q001,duplicate,,,,Semantic duplicate: same DMBOK proposition and answer logic as the retained item.
Data Strategy Professionals Set 3,Data Strategy Professionals Question Set #3,18,dsp3-q018,Which of the following can be described as goals of a Master and Reference Data Management program?,"Make sure that the enterprise has complete, current and authoritative master and reference data for their organizational processes; provide Master & Reference Data across all functions and applications of the enterprise; reduce the cost and complexity of data usage through common data models",added,,verified,"Make sure that the enterprise has complete, current and authoritative master and reference data for their organizational processes; provide Master & Reference Data across all functions and applications of the enterprise; reduce the cost and complexity of data usage through common data models",349,331,
Data Strategy Professionals Set 3,Data Strategy Professionals Question Set #3,19,dsp3-q019,Which data model pattern can be used to construct self-referencing hierarchies?,Elementary pattern,added,,verified,Elementary pattern,160,158,
Data Strategy Professionals Set 3,Data Strategy Professionals Question Set #3,20,dsp3-q020,What happens in an asynchronous data flow?,Data is transferred between two devices without the need for a real-time response,added,,verified,Data is transferred between two devices without the need for a real-time response,277,264,
Data Strategy Professionals Set 3,Data Strategy Professionals Question Set #3,21,dsp3-q021,Why must all systems handling messages or data packets be able to manage the order of execution of those processes?,To preserve consistency and continuity,added,,verified,To preserve consistency and continuity,282,269,
Data Strategy Professionals Set 3,Data Strategy Professionals Question Set #3,22,dsp3-q022,What is accuracy?,Ensuring data correctly represents 'real-life' entities,duplicate,chapter-13-q006,duplicate,,,,Semantic duplicate: same DMBOK proposition and answer logic as the retained item.
Data Strategy Professionals Set 3,Data Strategy Professionals Question Set #3,23,dsp3-q023,Which of the following describes Information Technology (IT) Governance?,"Informs decisions about IT investments, projects, and application portfolios",added,,verified,"Informs decisions about IT investments, projects, and application portfolios",71,73,
Data Strategy Professionals Set 3,Data Strategy Professionals Question Set #3,24,dsp3-q024,Big Data characterized by...,"Volume, Variety, Velocity",duplicate,practice-test-2-q100,duplicate,,,,Semantic duplicate: same DMBOK proposition and answer logic as the retained item.
Data Strategy Professionals Set 3,Data Strategy Professionals Question Set #3,25,dsp3-q025,Data is important to organizations in all but one of the following ways:,Organizations sell data to third-parties,added,,verified,Organizations sell data to third-parties,"18, 21","19, 21",
Data Strategy Professionals Set 3,Data Strategy Professionals Question Set #3,26,dsp3-q026,The understanding of data in terms of economic value is referred to as...,Data asset valuation,duplicate,chapter-3-q015,duplicate,,,,Semantic duplicate: same DMBOK proposition and answer logic as the retained item.
Data Strategy Professionals Set 3,Data Strategy Professionals Question Set #3,27,dsp3-q027,What is the data source of a Kimball Data Warehouse?,Conformed dimension contents from separate repositories,added,,verified,Conformed dimension contents from separate repositories,391,371,
Data Strategy Professionals Set 3,Data Strategy Professionals Question Set #3,28,dsp3-q028,Which of the following activities is NOT necessary to realize a Data Governance program?,Communicate updated policies and procedures to external stakeholders,added,,verified,Communicate updated policies and procedures to external stakeholders,68,90,
Data Strategy Professionals Set 3,Data Strategy Professionals Question Set #3,29,dsp3-q029,Which of the following is a tool that can transform sensitive data in a database without affecting its functionality?,Data Masking / Encryption,added,,verified,Data Masking / Encryption,258,247,
Data Strategy Professionals Set 3,Data Strategy Professionals Question Set #3,30,dsp3-q030,What is the importance of data lineage analysis?,It explains the state of data at a given point in the data lifecycle,added,,verified,It explains the state of data at a given point in the data lifecycle,107,109,DMBOK2 p. 107 states that data lineage analysis can help explain the state of data at a given point in the data flow.
Data Strategy Professionals Set 3,Data Strategy Professionals Question Set #3,31,dsp3-q031,What kind of software helps transform pick lists and controlled vocabularies into pick lists searchable from the home page?,Content Management,added,,verified,Content Management,311,294,
Data Strategy Professionals Set 3,Data Strategy Professionals Question Set #3,32,dsp3-q032,"""Control of contracts dealing with data, such as cloud storage, external data purchase, sales of data as a product, and outsourcing data operations"" describes which driver of Data Governance?",Vendor management,added,,verified,Vendor management,70,72,
Data Strategy Professionals Set 3,Data Strategy Professionals Question Set #3,33,dsp3-q033,Master & Reference Data Management are forms of which of the following?,Data Integration,added,,verified,Data Integration,375,355,
Data Strategy Professionals Set 3,Data Strategy Professionals Question Set #3,34,dsp3-q034,The Strong-Wang framework describes ______ dimensions across ______ general categories of Data Quality.,"15, 4",added,,verified,"15, 4",455,466,
Data Strategy Professionals Set 3,Data Strategy Professionals Question Set #3,35,dsp3-q035,"What is the name for an authoritative system where data is created, captured, and/or maintained through a defined set of rules and expectations?",A system of record,added,,verified,A system of record,358,339,
Data Strategy Professionals Set 3,Data Strategy Professionals Question Set #3,36,dsp3-q036,What is the goal of Data Architecture?,To improve the organization’s understanding of their data assets,duplicate,chapter-4-q004,duplicate,,,,Semantic duplicate: same DMBOK proposition and answer logic as the retained item.
Data Strategy Professionals Set 3,Data Strategy Professionals Question Set #3,37,dsp3-q037,Which of the following is NOT an example of how data can be used to misrepresent facts?,Objectivity,added,,verified,Objectivity,56,59,
Data Strategy Professionals Set 3,Data Strategy Professionals Question Set #3,38,dsp3-q038,A Service Based Architecture has these three main components:,"Batch Layer, Speed Layer, Serving Layer",added,,verified,"Batch Layer, Speed Layer, Serving Layer",505,478,
Data Strategy Professionals Set 3,Data Strategy Professionals Question Set #3,39,dsp3-q039,A thesaurus is a type of controlled vocabulary used for what purpose?,Content retrieval,added,,verified,Content retrieval,314,297,
Data Strategy Professionals Set 3,Data Strategy Professionals Question Set #3,40,dsp3-q040,What is the name for the index that points to Master Data in the various systems of record?,Registry,added,,verified,Registry,369,350,
Data Strategy Professionals Set 3,Data Strategy Professionals Question Set #3,41,dsp3-q041,What are the two types of Data Integration processes involved in Data Warehousing?,"Historical Loads, Ongoing Update",duplicate,dsp2-q009,duplicate,,,,Semantic duplicate: same DMBOK proposition and answer logic as the retained item.
Data Strategy Professionals Set 3,Data Strategy Professionals Question Set #3,42,dsp3-q042,"In the context of Information Technology, which of the following defines data?",Information stored in digital form,added,,verified,Information stored in digital form,18,20,
Data Strategy Professionals Set 3,Data Strategy Professionals Question Set #3,43,dsp3-q043,Which of the following is one of the ethical principles for data handling as adapted from the Belmont Principles?,Respect for persons,added,,verified,Respect for persons,52,54,
Data Strategy Professionals Set 3,Data Strategy Professionals Question Set #3,44,dsp3-q044,"In past decades, information such as names and addresses might not have been considered data. Why has that changed?",These forms of information can now be analyzed to make business decisions,added,,verified,These forms of information can now be analyzed to make business decisions,19,21,
Data Strategy Professionals Set 3,Data Strategy Professionals Question Set #3,45,dsp3-q045,Which of the following is not a factor that determines the ability of an organization to adopt Data Architecture practices?,Ability to put proper structures in place for the implementation of Data Architecture practices,added,,verified,Ability to put proper structures in place for the implementation of Data Architecture practices,119,119,
Data Strategy Professionals Set 3,Data Strategy Professionals Question Set #3,46,dsp3-q046,Which of the following data integration architectures involve connecting each source and target system directly to each other without using a central hub?,Point-to-point,added,,verified,Point-to-point,280,267,
Data Strategy Professionals Set 3,Data Strategy Professionals Question Set #3,47,dsp3-q047,The Shewhart / Deming cycle is also known as...,Plan-do-check-act,duplicate,chapter-13-q014,duplicate,,,,Semantic duplicate: same DMBOK proposition and answer logic as the retained item.
Data Strategy Professionals Set 3,Data Strategy Professionals Question Set #3,48,dsp3-q048,Which of the following is NOT a principle guiding online data practices in the United States?,Right to sue against the proliferation of false personal information online,added,,verified,Right to sue against the proliferation of false personal information online,56,58,
Data Strategy Professionals Set 3,Data Strategy Professionals Question Set #3,49,dsp3-q049,What are the essential characteristics of high-quality data definitions?,"Clarity, Accuracy, Completeness",duplicate,chapter-5-q012,duplicate,,,,Semantic duplicate: same DMBOK proposition and answer logic as the retained item.
Data Strategy Professionals Set 3,Data Strategy Professionals Question Set #3,50,dsp3-q050,Data Science used to be called which of the following?,Applied statistics,added,,verified,Applied statistics,501,471,
Data Strategy Professionals Set 3 (legacy),Data Strategy Professionals Question Set #3 Legacy,1,dsp3-legacy-q001,What is the importance of Enterprise Data Architecture?,It defines standard terms and designs for the elements that are important to the organization,added,,verified,It defines standard terms and designs for the elements that are important to the organization,104,106,
Data Strategy Professionals Set 3 (legacy),Data Strategy Professionals Question Set #3 Legacy,2,dsp3-legacy-q002,What is the end goal of Data Modelling?,Providing for the understanding organizational data,duplicate,dsp3-q002,superseded_duplicate,,,,Equivalent question retained from the updated Set 3 or from the existing 490-question bank.
Data Strategy Professionals Set 3 (legacy),Data Strategy Professionals Question Set #3 Legacy,3,dsp3-legacy-q003,Early Big Data was characterized by _______ V's but the number of V's has been expanded to _____,"3, 6",duplicate,dsp3-q003,superseded_duplicate,,,,Equivalent question retained from the updated Set 3 or from the existing 490-question bank.
Data Strategy Professionals Set 3 (legacy),Data Strategy Professionals Question Set #3 Legacy,4,dsp3-legacy-q004,What is the purpose of a Data Flow Design diagram?,Shows how data moves through business processes and systems,duplicate,dsp3-q004,superseded_duplicate,,,,Equivalent question retained from the updated Set 3 or from the existing 490-question bank.
Data Strategy Professionals Set 3 (legacy),Data Strategy Professionals Question Set #3 Legacy,5,dsp3-legacy-q005,More than _______ of the documents created today are electronic.,90%,duplicate,dsp3-q005,superseded_duplicate,,,,Equivalent question retained from the updated Set 3 or from the existing 490-question bank.
Data Strategy Professionals Set 3 (legacy),Data Strategy Professionals Question Set #3 Legacy,6,dsp3-legacy-q006,"The implementation of a Data Warehouse should follow these guiding principles, except:",Ensure business analysts are involved in decision support activities across the enterprise,duplicate,chapter-11-q004,superseded_duplicate,,,,Equivalent question retained from the updated Set 3 or from the existing 490-question bank.
Data Strategy Professionals Set 3 (legacy),Data Strategy Professionals Question Set #3 Legacy,7,dsp3-legacy-q007,The first activity to be completed in the implementation of Data Governance is...,Define Data Governance for the organization,added,,verified,Define Data Governance for the organization,79,71,
Data Strategy Professionals Set 3 (legacy),Data Strategy Professionals Question Set #3 Legacy,8,dsp3-legacy-q008,Which of the following is used to exchange information within the Semantic Web?,Ontology,duplicate,dsp3-q008,superseded_duplicate,,,,Equivalent question retained from the updated Set 3 or from the existing 490-question bank.
Data Strategy Professionals Set 3 (legacy),Data Strategy Professionals Question Set #3 Legacy,9,dsp3-legacy-q009,Master Data Management is...,Challenging,added,,verified,Challenging,360,340,
Data Strategy Professionals Set 3 (legacy),Data Strategy Professionals Question Set #3 Legacy,10,dsp3-legacy-q010,Data Management principles include all but one of the following?,Data Management must be done by experts,duplicate,dsp3-q010,superseded_duplicate,,,,Equivalent question retained from the updated Set 3 or from the existing 490-question bank.
Data Strategy Professionals Set 3 (legacy),Data Strategy Professionals Question Set #3 Legacy,11,dsp3-legacy-q011,Data created while operational processes are in progress is referred to as...,Business event information,duplicate,dsp3-q011,superseded_duplicate,,,,Equivalent question retained from the updated Set 3 or from the existing 490-question bank.
Data Strategy Professionals Set 3 (legacy),Data Strategy Professionals Question Set #3 Legacy,12,dsp3-legacy-q012,What is the importance of Data Governance in Data Management?,It governs how decisions are made about data and how people and processes are expected to behave in relation to data,duplicate,chapter-3-q001,superseded_duplicate,,,,Equivalent question retained from the updated Set 3 or from the existing 490-question bank.
Data Strategy Professionals Set 3 (legacy),Data Strategy Professionals Question Set #3 Legacy,13,dsp3-legacy-q013,Basic data profiling involves analysis of the following except:,Correct data flow throughout the organization,duplicate,dsp3-q013,superseded_duplicate,,,,Equivalent question retained from the updated Set 3 or from the existing 490-question bank.
Data Strategy Professionals Set 3 (legacy),Data Strategy Professionals Question Set #3 Legacy,14,dsp3-legacy-q014,What does the acronym CIF refer to?,Corporate Information Factory,duplicate,chapter-11-q007,superseded_duplicate,,,,Equivalent question retained from the updated Set 3 or from the existing 490-question bank.
Data Strategy Professionals Set 3 (legacy),Data Strategy Professionals Question Set #3 Legacy,15,dsp3-legacy-q015,Which of the following is NOT a function of Data Architects?,Strategize on how to procure data that meets the needs of the organization,duplicate,dsp3-q015,superseded_duplicate,,,,Equivalent question retained from the updated Set 3 or from the existing 490-question bank.
Data Strategy Professionals Set 3 (legacy),Data Strategy Professionals Question Set #3 Legacy,16,dsp3-legacy-q016,Two systems that are tightly coupled are characterized by what kind of interface?,Synchronous,duplicate,dsp3-q016,superseded_duplicate,,,,Equivalent question retained from the updated Set 3 or from the existing 490-question bank.
Data Strategy Professionals Set 3 (legacy),Data Strategy Professionals Question Set #3 Legacy,17,dsp3-legacy-q017,What is e-discovery?,The process of finding electronic records that might serve as evidence in a legal action,duplicate,chapter-9-q001,superseded_duplicate,,,,Equivalent question retained from the updated Set 3 or from the existing 490-question bank.
Data Strategy Professionals Set 3 (legacy),Data Strategy Professionals Question Set #3 Legacy,18,dsp3-legacy-q018,Which among the following can be described as goals of a Master and Reference Data Management program?,"To make sure that the enterprise has complete, current and authoritative master and reference data for their organizational processes. To provide master and reference data across all functions and applications of the enterprise. To reduce the cost and complexity of data usage through common data models.",duplicate,dsp3-q018,superseded_duplicate,,,,Equivalent question retained from the updated Set 3 or from the existing 490-question bank.
Data Strategy Professionals Set 3 (legacy),Data Strategy Professionals Question Set #3 Legacy,19,dsp3-legacy-q019,Which data model pattern can be used to construct self-referencing hierarchies?,Elementary Pattern,duplicate,dsp3-q019,superseded_duplicate,,,,Equivalent question retained from the updated Set 3 or from the existing 490-question bank.
Data Strategy Professionals Set 3 (legacy),Data Strategy Professionals Question Set #3 Legacy,20,dsp3-legacy-q020,Why is Data Architecture important to Data Management?,Provides for an understanding of an organization's data at different levels of abstraction,added,,verified,Provides for an understanding of an organization's data at different levels of abstraction,98,100,
Data Strategy Professionals Set 3 (legacy),Data Strategy Professionals Question Set #3 Legacy,21,dsp3-legacy-q021,Why must all systems handling messages or data packets be able to manage the order of execution of those processes?,To preserve consistency and continuity,duplicate,dsp3-q021,superseded_duplicate,,,,Equivalent question retained from the updated Set 3 or from the existing 490-question bank.
Data Strategy Professionals Set 3 (legacy),Data Strategy Professionals Question Set #3 Legacy,22,dsp3-legacy-q022,What is accuracy?,Ensuring data correctly represents 'real-life' entities,duplicate,chapter-13-q006,superseded_duplicate,,,,Equivalent question retained from the updated Set 3 or from the existing 490-question bank.
Data Strategy Professionals Set 3 (legacy),Data Strategy Professionals Question Set #3 Legacy,23,dsp3-legacy-q023,Which of the following describes Information Technology (IT) Governance?,"Informs decisions about IT investments, projects, and application portfolios",duplicate,dsp3-q023,superseded_duplicate,,,,Equivalent question retained from the updated Set 3 or from the existing 490-question bank.
Data Strategy Professionals Set 3 (legacy),Data Strategy Professionals Question Set #3 Legacy,24,dsp3-legacy-q024,Big Data encompasses...,"Volume, Variety, Speed",duplicate,practice-test-2-q100,superseded_duplicate,,,,Equivalent question retained from the updated Set 3 or from the existing 490-question bank.
Data Strategy Professionals Set 3 (legacy),Data Strategy Professionals Question Set #3 Legacy,25,dsp3-legacy-q025,Data is important to organizations in all but one of the following ways:,Organizations sell data to third-parties,duplicate,dsp3-q025,superseded_duplicate,,,,Equivalent question retained from the updated Set 3 or from the existing 490-question bank.
Data Strategy Professionals Set 3 (legacy),Data Strategy Professionals Question Set #3 Legacy,26,dsp3-legacy-q026,The understanding of data in terms of economic value is referred to as...,Data asset valuation,duplicate,chapter-3-q015,superseded_duplicate,,,,Equivalent question retained from the updated Set 3 or from the existing 490-question bank.
Data Strategy Professionals Set 3 (legacy),Data Strategy Professionals Question Set #3 Legacy,27,dsp3-legacy-q027,What is the data source of a Data Warehouse?,Conformed dimension contents from separate repositories,duplicate,dsp3-q027,superseded_duplicate,,,,Equivalent question retained from the updated Set 3 or from the existing 490-question bank.
Data Strategy Professionals Set 3 (legacy),Data Strategy Professionals Question Set #3 Legacy,28,dsp3-legacy-q028,Which of the following is not necessary to realize Data Governance programs?,Communicate updated policies and procedures to external stakeholders,duplicate,dsp3-q028,superseded_duplicate,,,,Equivalent question retained from the updated Set 3 or from the existing 490-question bank.
Data Strategy Professionals Set 3 (legacy),Data Strategy Professionals Question Set #3 Legacy,29,dsp3-legacy-q029,High-quality data is a means to...,Organizational success,added,,verified,Organizational success,452,425,
Data Strategy Professionals Set 3 (legacy),Data Strategy Professionals Question Set #3 Legacy,30,dsp3-legacy-q030,What is the importance of Data Lineage Analysis to Data Flow?,It explains the state of data at a given point in the data flow,duplicate,dsp3-q030,superseded_duplicate,,,,Equivalent question retained from the updated Set 3 or from the existing 490-question bank.
Data Strategy Professionals Set 3 (legacy),Data Strategy Professionals Question Set #3 Legacy,31,dsp3-legacy-q031,What kind of software helps transform pick lists and controlled vocabularies into pick lists searchable from the home page?,Content Management,duplicate,dsp3-q031,superseded_duplicate,,,,Equivalent question retained from the updated Set 3 or from the existing 490-question bank.
Data Strategy Professionals Set 3 (legacy),Data Strategy Professionals Question Set #3 Legacy,32,dsp3-legacy-q032,"""Control of contracts dealing with data, such as cloud storage, external data purchase, sales of data as a product, and outsourcing data operations"" describes which driver of Data Governance?",Vendor management,duplicate,dsp3-q032,superseded_duplicate,,,,Equivalent question retained from the updated Set 3 or from the existing 490-question bank.
Data Strategy Professionals Set 3 (legacy),Data Strategy Professionals Question Set #3 Legacy,33,dsp3-legacy-q033,Master & Reference Data Management are forms of which of the following?,Data Integration,duplicate,dsp3-q033,superseded_duplicate,,,,Equivalent question retained from the updated Set 3 or from the existing 490-question bank.
Data Strategy Professionals Set 3 (legacy),Data Strategy Professionals Question Set #3 Legacy,34,dsp3-legacy-q034,The Strong-Wang framework describes ______ dimensions across ______ general categories of data quality.,"15, 4",duplicate,dsp3-q034,superseded_duplicate,,,,Equivalent question retained from the updated Set 3 or from the existing 490-question bank.
Data Strategy Professionals Set 3 (legacy),Data Strategy Professionals Question Set #3 Legacy,35,dsp3-legacy-q035,"What is the name for an authoritative system where data is created, captured, and/or maintained through a defined set of rules and expectations?",A system of record,duplicate,dsp3-q035,superseded_duplicate,,,,Equivalent question retained from the updated Set 3 or from the existing 490-question bank.
Data Strategy Professionals Set 3 (legacy),Data Strategy Professionals Question Set #3 Legacy,36,dsp3-legacy-q036,What is the goal of Data Architecture?,To bridge the gap between business strategy and execution,duplicate,chapter-4-q004,superseded_duplicate,,,,Equivalent question retained from the updated Set 3 or from the existing 490-question bank.
Data Strategy Professionals Set 3 (legacy),Data Strategy Professionals Question Set #3 Legacy,37,dsp3-legacy-q037,How does Data Modelling and Design help an organization complete initiatives?,Data Modelling confirms and documents understanding of different perspectives,added,,verified,Data Modelling confirms and documents understanding of different perspectives,125,125,
Data Strategy Professionals Set 3 (legacy),Data Strategy Professionals Question Set #3 Legacy,38,dsp3-legacy-q038,A Services Based Architecture has these three main components:,"Batch Layer, Speed Layer, Serving Layer",duplicate,dsp3-q038,superseded_duplicate,,,,Equivalent question retained from the updated Set 3 or from the existing 490-question bank.
Data Strategy Professionals Set 3 (legacy),Data Strategy Professionals Question Set #3 Legacy,39,dsp3-legacy-q039,A thesaurus is a type of controlled vocabulary used for what purpose?,Content Retrieval,duplicate,dsp3-q039,superseded_duplicate,,,,Equivalent question retained from the updated Set 3 or from the existing 490-question bank.
Data Strategy Professionals Set 3 (legacy),Data Strategy Professionals Question Set #3 Legacy,40,dsp3-legacy-q040,What is the name for the index that points to Master Data in the various systems of record?,Registry,duplicate,dsp3-q040,superseded_duplicate,,,,Equivalent question retained from the updated Set 3 or from the existing 490-question bank.
Data Strategy Professionals Set 3 (legacy),Data Strategy Professionals Question Set #3 Legacy,41,dsp3-legacy-q041,What are the two types of Data Integration processes involved in Data Warehousing?,"Historical Loads, Ongoing Update",duplicate,dsp2-q009,superseded_duplicate,,,,Equivalent question retained from the updated Set 3 or from the existing 490-question bank.
Data Strategy Professionals Set 3 (legacy),Data Strategy Professionals Question Set #3 Legacy,42,dsp3-legacy-q042,"In the context of Information Technology, which of the following defines data?",Information stored in digital form,duplicate,dsp3-q042,superseded_duplicate,,,,Equivalent question retained from the updated Set 3 or from the existing 490-question bank.
Data Strategy Professionals Set 3 (legacy),Data Strategy Professionals Question Set #3 Legacy,43,dsp3-legacy-q043,Which of the following is one of the ethical principles for data as adapted from the Belmont Principles?,Respect for persons,duplicate,dsp3-q043,superseded_duplicate,,,,Equivalent question retained from the updated Set 3 or from the existing 490-question bank.
Data Strategy Professionals Set 3 (legacy),Data Strategy Professionals Question Set #3 Legacy,44,dsp3-legacy-q044,"In past decades, information such as names and addresses might not have been considered data. Why has that changed?",These forms of information can now be analyzed to make business decisions,duplicate,dsp3-q044,superseded_duplicate,,,,Equivalent question retained from the updated Set 3 or from the existing 490-question bank.
Data Strategy Professionals Set 3 (legacy),Data Strategy Professionals Question Set #3 Legacy,45,dsp3-legacy-q045,Which of the following is not a factor that determines the ability of an organization to adopt Data Architecture practices?,Ability to put proper structures in place for the implementation of Data Architecture practices,duplicate,dsp3-q045,superseded_duplicate,,,,Equivalent question retained from the updated Set 3 or from the existing 490-question bank.
Data Strategy Professionals Set 3 (legacy),Data Strategy Professionals Question Set #3 Legacy,46,dsp3-legacy-q046,Thomas Redman defines a data item as...,Representable triple,added,,verified,Representable triple,455,467,
Data Strategy Professionals Set 3 (legacy),Data Strategy Professionals Question Set #3 Legacy,47,dsp3-legacy-q047,The Shewhart / Deming cycle is also known as...,Plan-do-check-act,duplicate,chapter-13-q014,superseded_duplicate,,,,Equivalent question retained from the updated Set 3 or from the existing 490-question bank.
Data Strategy Professionals Set 3 (legacy),Data Strategy Professionals Question Set #3 Legacy,48,dsp3-legacy-q048,Which of the following is NOT a principle guiding online data practices in the United States?,Right to sue against the proliferation of false personal information online,duplicate,dsp3-q048,superseded_duplicate,,,,Equivalent question retained from the updated Set 3 or from the existing 490-question bank.
Data Strategy Professionals Set 3 (legacy),Data Strategy Professionals Question Set #3 Legacy,49,dsp3-legacy-q049,What are the essential characteristics of high-quality data definitions?,"Clarity, Accuracy, Completeness",duplicate,chapter-5-q012,superseded_duplicate,,,,Equivalent question retained from the updated Set 3 or from the existing 490-question bank.
Data Strategy Professionals Set 3 (legacy),Data Strategy Professionals Question Set #3 Legacy,50,dsp3-legacy-q050,Data Science used to be called which of the following?,Applied Statistics,duplicate,dsp3-q050,superseded_duplicate,,,,Equivalent question retained from the updated Set 3 or from the existing 490-question bank.
DAMA Practice Attempts,DAMA Attempt 1,1,dama-attempt-1-q001,"According to the DAMA DMBOK, the Data Governance Council (DGC) is the highest authority organization for data governance in an organization. Who should typically chair this Council?",Chief Data Steward (Business )/ Chief Data Officer,duplicate,dsp1-q005,duplicate,,,,Semantic duplicate of an existing or retained DSP question.
DAMA Practice Attempts,DAMA Attempt 1,2,dama-attempt-1-q002,How do data management professionals maintain commitment of key stakeholders to the data management initiative?,Continuous communication education and promotion of the importance and value of of data and information assets,added,,verified,Continuous communication education and promotion of the importance and value of of data and information assets,"85, 94","87, 96",
DAMA Practice Attempts,DAMA Attempt 1,3,dama-attempt-1-q003,Which of these is NOT a standard motivation for Data Governance?,Devolved governance,excluded,,excluded_ambiguous,,,,"The source labels “Devolved governance,” but “Decentralized governance” is also not a DMBOK motivation category; the stem does not yield one unambiguous answer."
DAMA Practice Attempts,DAMA Attempt 1,4,dama-attempt-1-q004,Data Governance touch points throughout the project lifecycle are facilitated by this organization.,The Data Governance Office,added,,verified,The Data Governance Office,81,83,
DAMA Practice Attempts,DAMA Attempt 1,5,dama-attempt-1-q005,"Every enterprise is subject to many governmental and industry regulations, many of which regulate how data and information is used and managed. Part of the Data Governance Function is to:",Monitor and ensure that organisations meet any regulatory compliance requirements,added,,verified,Monitor and ensure that organisations meet any regulatory compliance requirements,87,89,
DAMA Practice Attempts,DAMA Attempt 1,6,dama-attempt-1-q006,"When defining your business continuity plan, which of the following should one consider doing?","Consider written policies and procedures, impact mitigating measures, required recovery time and acceptable amount of disruption, the criticality of the documents",added,,verified,"Consider written policies and procedures, impact mitigating measures, required recovery time and acceptable amount of disruption, the criticality of the documents",327,310,
DAMA Practice Attempts,DAMA Attempt 1,7,dama-attempt-1-q007,Which of the following is not a step in the 'document and content management lifecycle'?,Create a content strategy,added,,verified,Create a content strategy,324,307,
DAMA Practice Attempts,DAMA Attempt 1,8,dama-attempt-1-q008,Non value-added information is often not removed because:,"The policies are unclear of what is defined as non-value-added, storage is cheap so there is no cost driver, and it takes more effort to dispose than to keep",added,,verified,"The policies are unclear of what is defined as non-value-added, storage is cheap so there is no cost driver, and it takes more effort to dispose than to keep",328,311,
DAMA Practice Attempts,DAMA Attempt 1,9,dama-attempt-1-q009,A goal of 'Document and Content Management' is to ensure effective and efficient retrieval and use of:,Data and information in unstructured formats,duplicate,chapter-9-q004,duplicate,,,,Semantic duplicate of an existing or retained DSP question.
DAMA Practice Attempts,DAMA Attempt 1,10,dama-attempt-1-q010,Which of these describes activities in the document/record management lifecycle?,"Identification, management of policies, classification, retention, storage, retrieval and circulation, preservation and disposal",added,,verified,"Identification, management of policies, classification, retention, storage, retrieval and circulation, preservation and disposal",316,299,
DAMA Practice Attempts,DAMA Attempt 1,11,dama-attempt-1-q011,What is the difference between cardinality rules and data integrity rules?,"Cardinality rules define the quantity of each entity instance that can participate in a relationship between two entities, and referential integrity rules ensure valid values",added,,verified,"Cardinality rules define the quantity of each entity instance that can participate in a relationship between two entities, and referential integrity rules ensure valid values",130,130,
DAMA Practice Attempts,DAMA Attempt 1,12,dama-attempt-1-q012,In a recursive relationship:,The foreign key must have a role name to avoid attribute duplication,duplicate,dsp1-q020,duplicate,,,,Semantic duplicate of an existing or retained DSP question.
DAMA Practice Attempts,DAMA Attempt 1,13,dama-attempt-1-q013,What are relationship labels?,The verb phrases describing the business rules in each direction between two entities,duplicate,dsp1-q039,duplicate,,,,Semantic duplicate of an existing or retained DSP question.
DAMA Practice Attempts,DAMA Attempt 1,14,dama-attempt-1-q014,Which of these is NOT a type of key found in a data model?,Local key,duplicate,dsp1-q048,duplicate,,,,Semantic duplicate of an existing or retained DSP question.
DAMA Practice Attempts,DAMA Attempt 1,15,dama-attempt-1-q015,The highest level of these data model types is the:,Conceptual model,duplicate,chapter-4-q012,duplicate,,,,Semantic duplicate of an existing or retained DSP question.
DAMA Practice Attempts,DAMA Attempt 1,16,dama-attempt-1-q016,What is Manual Directed Data Quality Correction?,The use of automated cleanse and correction tools with results manually checked before committing outputs,added,,verified,The use of automated cleanse and correction tools with results manually checked before committing outputs,487,459,
DAMA Practice Attempts,DAMA Attempt 1,17,dama-attempt-1-q017,Which of these is a key process in defining data quality business rules?,Separating data that does not meet business needs from data that does,added,,verified,Separating data that does not meet business needs from data that does,454,435,
DAMA Practice Attempts,DAMA Attempt 1,18,dama-attempt-1-q018,A data quality program should limit its scope to:,The data most critical to the enterprise and its customers,added,,verified,The data most critical to the enterprise and its customers,452,427,
DAMA Practice Attempts,DAMA Attempt 1,19,dama-attempt-1-q019,A Data Quality Service Level Agreement (SLA) would normally include which of these?,Respective roles & responsibilities for data quality,added,,verified,Respective roles & responsibilities for data quality,483,449,
DAMA Practice Attempts,DAMA Attempt 1,20,dama-attempt-1-q020,"The Data Quality Management cycle has four stages. Three are Plan, Monitor and Act. What is the fourth stage?",Deploy,excluded,,excluded_source_conflict,,,,"DMBOK uses Plan–Do–Check–Act. The source says Plan–Monitor–Act and offers “Deploy,” so no listed option is DMBOK-correct."
DAMA Practice Attempts,DAMA Attempt 1,21,dama-attempt-1-q021,Stakeholders whose concerns must be addressed in data security management include:,"Clients, Patients, Citizens, Suppliers, or Business Partners",added,,verified,"Clients, Patients, Citizens, Suppliers, or Business Partners",218,209,
DAMA Practice Attempts,DAMA Attempt 1,22,dama-attempt-1-q022,Definition of Data Security Policies should be:,A collaborative effort between Business and IT,added,,verified,A collaborative effort between Business and IT,222,214,
DAMA Practice Attempts,DAMA Attempt 1,23,dama-attempt-1-q023,Which of these statements best defines Data Security Management?,"The planning, development, and execution of security policies and procedures to provide proper authentication, authorization, access, and auditing of data and information assets",added,,verified,"The planning, development, and execution of security policies and procedures to provide proper authentication, authorization, access, and auditing of data and information assets",219,"209, 211",
DAMA Practice Attempts,DAMA Attempt 1,24,dama-attempt-1-q024,How does Data Security contribute to competitive advantage?,"Data Security helps to protect proprietary information and intellectual property, as well as customer and partner information",added,,verified,"Data Security helps to protect proprietary information and intellectual property, as well as customer and partner information",218,210,
DAMA Practice Attempts,DAMA Attempt 1,25,dama-attempt-1-q025,Which of these are increasingly driving legislation for information security and data privacy?,A recognition of Ethical issues in information management,added,,verified,A recognition of Ethical issues in information management,"51, 56","53, 58",
DAMA Practice Attempts,DAMA Attempt 1,26,dama-attempt-1-q026,A data lineage tool enables a user to:,Track the data from source system to a target database; understanding its transformations,added,,verified,Track the data from source system to a target database; understanding its transformations,441,"417, 419",
DAMA Practice Attempts,DAMA Attempt 1,27,dama-attempt-1-q027,"Slice, Dice, Roll-up and Pivot are terms used in what kind of data processing?",OLAP,duplicate,practice-test-2-q072,duplicate,,,,Semantic duplicate of an existing or retained DSP question.
DAMA Practice Attempts,DAMA Attempt 1,28,dama-attempt-1-q028,"In its broadest context, the data warehouse includes:",Any data stores or extracts used to support the delivery for BI purposes,duplicate,dsp1-q023,duplicate,,,,Semantic duplicate of an existing or retained DSP question.
DAMA Practice Attempts,DAMA Attempt 1,29,dama-attempt-1-q029,One of the difficulties when integrating multiple source systems is:,Determining valid links or equivalences between data elements,added,,verified,Determining valid links or equivalences between data elements,396,376,
DAMA Practice Attempts,DAMA Attempt 1,30,dama-attempt-1-q030,Critical to the success of the data warehouse is the ability to explain the data. The DMBOK knowledge area that practices these techniques is:,Metadata Management,added,,verified,Metadata Management,384,363,
DAMA Practice Attempts,DAMA Attempt 1,31,dama-attempt-1-q031,What is a common motivation for Reference and Master Data Management?,The need to improve data quality and data integrity across multiple data sources,added,,verified,The need to improve data quality and data integrity across multiple data sources,349,331,
DAMA Practice Attempts,DAMA Attempt 1,32,dama-attempt-1-q032,Master Data Management:,Controls the definition of business entities,added,,verified,Controls the definition of business entities,359,340,
DAMA Practice Attempts,DAMA Attempt 1,33,dama-attempt-1-q033,Which of these is a valid definition of Reference Data?,Data used to classify or categorize other data,added,,verified,Data used to classify or categorize other data,352,334,
DAMA Practice Attempts,DAMA Attempt 1,34,dama-attempt-1-q034,A common driver for initiating a Reference Data Management program is:,It will improve data quality and facilitate analysis across the organization,added,,verified,It will improve data quality and facilitate analysis across the organization,349,331,
DAMA Practice Attempts,DAMA Attempt 1,35,dama-attempt-1-q035,Master data differs from Reference data in the following way:,"Unlike Reference data, Master data is not usually limited to predefined domain values",added,,verified,"Unlike Reference data, Master data is not usually limited to predefined domain values",352,333,
DAMA Practice Attempts,DAMA Attempt 1,36,dama-attempt-1-q036,Which of these statements are true about Metadata?,Data models are components of a Metadata repository,added,,verified,Data models are components of a Metadata repository,417,408,
DAMA Practice Attempts,DAMA Attempt 1,37,dama-attempt-1-q037,"These are examples of which type of Meta-Data: Data Stores and Data Involved, Government/ Regulatory Bodies; Roles and Responsibilities; Process Dependencies and Decomposition?",Process Meta-Data,excluded,,excluded_unverifiable,,,,"DMBOK recognizes process metadata, but the supplied DMBOK does not support this exact classification list."
DAMA Practice Attempts,DAMA Attempt 1,38,dama-attempt-1-q038,To which of the following initiatives was the establishment of an industry Meta- Data Standard essential?,EDI,excluded,,excluded_unverifiable,,,,"DMBOK says metadata standards support trading-partner exchange, but it does not directly establish the source’s unique EDI answer."
DAMA Practice Attempts,DAMA Attempt 1,39,dama-attempt-1-q039,The number of artifacts that must be searched in the Metadata repository for all Business change projects are:,There is no mandatory number of artefacts to be searched but it is highly recommended that the library is examined,excluded,,excluded_unverifiable,,,,The supplied DMBOK does not prescribe a mandatory or non-mandatory number of repository artifacts to search for every change project.
DAMA Practice Attempts,DAMA Attempt 1,40,dama-attempt-1-q040,The Metadata repository enables us to establish multiple perspectives of data. These are:,Business and Technical Perspective,added,,verified,Business and Technical Perspective,"419, 422, 423","396, 400",
DAMA Practice Attempts,DAMA Attempt 2,4,dama-attempt-2-q004,What are the primary responsibilities of a data steward?,A business role appointed to take responsibility for the quality and use of their organization's data assets,duplicate,dsp1-q010,duplicate,,,,Semantic duplicate of an existing or retained DSP question.
DAMA Practice Attempts,DAMA Attempt 2,9,dama-attempt-2-q009,Which statement best describes the relationship between documents and records?,Records are a sub-set of documents,added,,verified,Records are a sub-set of documents,315,299,
DAMA Practice Attempts,DAMA Attempt 2,11,dama-attempt-2-q011,Complete the following statement. A business rule:,Defines constraints on what can and cannot be done,duplicate,dsp1-q018,duplicate,,,,Semantic duplicate of an existing or retained DSP question.
DAMA Practice Attempts,DAMA Attempt 2,12,dama-attempt-2-q012,Which of the following statements about business rules is FALSE?,Data rules cannot be shown on a data model,added,,verified,Data rules cannot be shown on a data model,147,145,
DAMA Practice Attempts,DAMA Attempt 2,14,dama-attempt-2-q014,"In Dimensional data models, which of these is NOT true regarding Measures?",Measures can always be added across all dimensions,added,,verified,Measures can always be added across all dimensions,138,137,
DAMA Practice Attempts,DAMA Attempt 2,15,dama-attempt-2-q015,In the conceptual data model an instantiation of a particular business entity is described as:,Entity occurrence,added,,verified,Entity occurrence,145,144,
DAMA Practice Attempts,DAMA Attempt 2,16,dama-attempt-2-q016,A Data Quality dimension is:,A measurable feature or characteristic of data,added,,verified,A measurable feature or characteristic of data,454,429,
DAMA Practice Attempts,DAMA Attempt 2,17,dama-attempt-2-q017,Which of the following is NOT a stage in the Shewhart / Deming Cycle that drives the data quality improvement lifecycle?,Investigate,duplicate,dsp1-q001,duplicate,,,,Semantic duplicate of an existing or retained DSP question.
DAMA Practice Attempts,DAMA Attempt 2,18,dama-attempt-2-q018,Which of the following is NOT usually a feature of data quality improvement tools?,Data modelling,added,,verified,Data modelling,473,441,
DAMA Practice Attempts,DAMA Attempt 2,22,dama-attempt-2-q022,"When outsourcing information management functions, organisations can:",Transfer control but not accountability,added,,verified,Transfer control but not accountability,264,251,
DAMA Practice Attempts,DAMA Attempt 2,23,dama-attempt-2-q023,"Apart from security requirements internal to the organisation, what other strategic goals should a Data Security Management system address?",Regulatory requirements for privacy and confidentiality AND Privacy and Confidentiality needs of all stakeholders,duplicate,chapter-7-q004,duplicate,,,,Semantic duplicate of an existing or retained DSP question.
DAMA Practice Attempts,DAMA Attempt 2,26,dama-attempt-2-q026,A Data Integration approach that updates a Data Warehouse with small changes from Operational systems is called:,CDC,duplicate,dsp1-q012,duplicate,,,,Semantic duplicate of an existing or retained DSP question.
DAMA Practice Attempts,DAMA Attempt 2,27,dama-attempt-2-q027,One of the key differences between operational systems and data warehouses is:,Operational systems focus on current data; data warehouses contain historical data,added,,verified,Operational systems focus on current data; data warehouses contain historical data,386,366,
DAMA Practice Attempts,DAMA Attempt 2,29,dama-attempt-2-q029,"When performing an evaluation of analytic applications, which of the following questions is least relevant to identify the level of effort needed?","Annual costs such as license, maintenance, etc.",excluded,,excluded_unverifiable,,,,The supplied DMBOK describes analytic applications but does not support the source’s “least relevant” cost judgment as a testable rule.
DAMA Practice Attempts,DAMA Attempt 2,32,dama-attempt-2-q032,Plant Equipment is an example of:,Master Data,added,,verified,Master Data,357,338,
DAMA Practice Attempts,DAMA Attempt 2,33,dama-attempt-2-q033,Reference Data:,Usually has fewer attributes than Master Data,added,,verified,Usually has fewer attributes than Master Data,352,333,
DAMA Practice Attempts,DAMA Attempt 2,34,dama-attempt-2-q034,"According to the DMBOK, the system that contains the best version of the Master Data is the:",System of record,duplicate,dsp3-q035,duplicate,,,,Semantic duplicate of an existing or retained DSP question.
DAMA Practice Attempts,DAMA Attempt 2,35,dama-attempt-2-q035,Which of the following statements regarding a value domain is FALSE?,Value domains are defined by external standard organizations,added,,verified,Value domains are defined by external standard organizations,"352, 356","333, 337",
DAMA Practice Attempts,DAMA Attempt 2,36,dama-attempt-2-q036,The library of information about our data (our metadata) is built so that:,All of these,added,,verified,All of these,418,397,
DAMA Practice Attempts,DAMA Attempt 2,38,dama-attempt-2-q038,What would you not expect to find in the Metadata repository?,Data storage devices,added,,verified,Data storage devices,431,408,
DAMA Practice Attempts,DAMA Attempt 2,39,dama-attempt-2-q039,We do not expect to consult the Metadata repository when:,Updating the operating system that the Master Data management toolset is running on,excluded,,excluded_source_conflict,,,,"DMBOK operational metadata includes patch and version-maintenance information, so excluding operating-system changes from repository consultation is not reliably supported."
DAMA Practice Attempts,DAMA Attempt 2,40,dama-attempt-2-q040,A business perspective product in the Metadata repository is:,Data Glossary,added,,verified,Data Glossary,437,423,
DAMA Practice Attempts,DAMA Attempt 3,1,dama-attempt-3-q001,Which of these are NOT true of Data Governance?,A DG initiative should always be led by the IT department,added,,verified,A DG initiative should always be led by the IT department,94,69,
DAMA Practice Attempts,DAMA Attempt 3,4,dama-attempt-3-q004,Which of these does NOT characterize an effective data steward?,Is a highly experienced technical expert in a variety of data management disciplines & tools,added,,verified,Is a highly experienced technical expert in a variety of data management disciplines & tools,"76, 77","78, 79",
DAMA Practice Attempts,DAMA Attempt 3,9,dama-attempt-3-q009,"In 2009, ARMA International published GARP for managing records and information. GARP stands for:",Generally Acceptable Recordkeeping Principles,added,,verified,Generally Acceptable Recordkeeping Principles,306,290,
DAMA Practice Attempts,DAMA Attempt 3,10,dama-attempt-3-q010,Documents and records should be classified based on the _______ level of confidentiality for information found in the record.,Highest,added,,verified,Highest,329,312,Truncated source stem reconstructed from the rendered page and checked against DMBOK; the keyed answer is unchanged.
DAMA Practice Attempts,DAMA Attempt 3,12,dama-attempt-3-q012,Dimension tables:,Have many columns but few rows,added,,verified,Have many columns but few rows,139,138,
DAMA Practice Attempts,DAMA Attempt 3,14,dama-attempt-3-q014,All of the following are TRUE statements on relationship types except:,A one-to-many relationship says that a child entity may have one or more parent entities,added,,verified,A one-to-many relationship says that a child entity may have one or more parent entities,132,132,
DAMA Practice Attempts,DAMA Attempt 3,16,dama-attempt-3-q016,Which of these is NOT a typical activity in Data Quality Management?,Enterprise Data Modelling,added,,verified,Enterprise Data Modelling,451,426,
DAMA Practice Attempts,DAMA Attempt 3,17,dama-attempt-3-q017,Data quality measurements can be taken at three levels of granularity. They are:,"Data element value, data instance or record, and data set",added,,verified,"Data element value, data instance or record, and data set",481,467,
DAMA Practice Attempts,DAMA Attempt 3,20,dama-attempt-3-q020,Which of these statements is true?,Data Quality Management is a continuous process,added,,verified,Data Quality Management is a continuous process,450,"425, 435",
DAMA Practice Attempts,DAMA Attempt 3,21,dama-attempt-3-q021,A RACI matrix is a useful tool to support the ___ in an outsourced arrangement.,Segregation of duties,added,,verified,Segregation of duties,264,251,
DAMA Practice Attempts,DAMA Attempt 3,24,dama-attempt-3-q024,A CRUD matrix helps organisations map responsibilities for data changes in the business process work flow. CRUD stands for,"Create, Read, Update, Delete",added,,verified,"Create, Read, Update, Delete",258,248,
DAMA Practice Attempts,DAMA Attempt 3,25,dama-attempt-3-q025,Which of the following define the data security touch points in an organisation?,Business rules and process workflow,added,,verified,Business rules and process workflow,246,236,
DAMA Practice Attempts,DAMA Attempt 3,28,dama-attempt-3-q028,You need to discover possible relationships or to show data patterns in an exploratory fashion when you do not necessarily have a specific question to ask. What kind of data tool would you use to identify patterns of data using various algorithms?,Data Mining,duplicate,dsp1-q036,duplicate,,,,Semantic duplicate of an existing or retained DSP question.
DAMA Practice Attempts,DAMA Attempt 3,29,dama-attempt-3-q029,Which approach is considered most effective when supporting multi- dimensional business report requests?,OLAP,added,,verified,OLAP,407,384,
DAMA Practice Attempts,DAMA Attempt 3,31,dama-attempt-3-q031,Which of the following is NOT a primary Master Data Management area of focus?,Producing read only versions of key data items,added,,verified,Producing read only versions of key data items,360,341,
DAMA Practice Attempts,DAMA Attempt 3,33,dama-attempt-3-q033,A strong argument for pursuing a Reference Data and/or Master Data management initiative is:,"By centralizing the management of Reference and Master data, the organization can conform critical data needed for analysis",added,,verified,"By centralizing the management of Reference and Master data, the organization can conform critical data needed for analysis",350,331,
DAMA Practice Attempts,DAMA Attempt 3,35,dama-attempt-3-q035,Reference data:,Is used to categorize and classify other data,duplicate,dama-attempt-1-q033,internal_duplicate,,,,Equivalent stem/answer already retained from another attempt.
DAMA Practice Attempts,DAMA Attempt 3,37,dama-attempt-3-q037,We would expect to consult the Metadata Library when:,Assessing the impact of change,added,,verified,Assessing the impact of change,"440, 441","416, 419",
DAMA Practice Attempts,DAMA Attempt 3,39,dama-attempt-3-q039,Metadata repository processes will not include:,"Selecting Data Management Library software, search, and storage technologies",excluded,,excluded_ambiguous,,,,Metadata architecture and tool selection are implementation activities; the wording “repository processes will not include” is too ambiguous for one DMBOK answer.
DAMA Practice Attempts,DAMA Attempt 3,40,dama-attempt-3-q040,Which of the following is a Meta-Data scheme focused specifically on documents?,Preservation Meta-Data,duplicate,dsp1-q015,duplicate,,,,Semantic duplicate of an existing or retained DSP question.
DAMA Practice Attempts,DAMA Attempt 4,3,dama-attempt-4-q003,"When new governmental and industry regulations are formulated and enacted, Data Governance plays a key role in the process of identifying the data and information components for compliance. What do you see as their most important role in any regulatory compliance project?","Working with business and technical leadership to find the best answers to a standard set of regulatory compliance questions (How, Why, When, etc)",added,,verified,"Working with business and technical leadership to find the best answers to a standard set of regulatory compliance questions (How, Why, When, etc)",87,89,
DAMA Practice Attempts,DAMA Attempt 4,5,dama-attempt-4-q005,"In the Information Management Lifecycle, the Data Governance Activity 'Define the Data Governance Framework' is considered in which Lifecycle stage?",Plan,excluded,,excluded_unverifiable,,,,The “Information Management Lifecycle” stage labels in this source are not defined in the supplied DMBOK2.
DAMA Practice Attempts,DAMA Attempt 4,6,dama-attempt-4-q006,Which of the following are primary deliverables of proper document and record management?,"Managed records in many media formats, e-discovery records, policies and procedures, contracts and financial documents",added,,verified,"Managed records in many media formats, e-discovery records, policies and procedures, contracts and financial documents",304,288,
DAMA Practice Attempts,DAMA Attempt 4,7,dama-attempt-4-q007,A document management system is an application used to track and store electronic documents and electronic images of paper documents which provides the following capabilities:,"Storage, versioning, security, meta-data management, indexing and retrieval",added,,verified,"Storage, versioning, security, meta-data management, indexing and retrieval",330,313,
DAMA Practice Attempts,DAMA Attempt 4,10,dama-attempt-4-q010,An umbrella term for any classification or controlled vocabulary is:,Taxonomy,duplicate,dsp1-q009,duplicate,,,,Semantic duplicate of an existing or retained DSP question.
DAMA Practice Attempts,DAMA Attempt 4,11,dama-attempt-4-q011,In a non-identifying relationship:,The primary key of the parent entity becomes a foreign key in the child entity,added,,verified,The primary key of the parent entity becomes a foreign key in the child entity,135,134,
DAMA Practice Attempts,DAMA Attempt 4,13,dama-attempt-4-q013,Components of logical data models include:,All of the above,added,,verified,All of the above,124,124,
DAMA Practice Attempts,DAMA Attempt 4,25,dama-attempt-4-q025,Which of these statements best defines Data Security Management?,"The planning, development, and execution of security policies and procedures to provide proper authentication, authorization, access, and auditing of data and information assets",duplicate,dama-attempt-1-q023,internal_duplicate,,,,Equivalent stem/answer already retained from another attempt.
DAMA Practice Attempts,DAMA Attempt 4,40,dama-attempt-4-q040,The role of the Physical data model in the Metadata repository is:,To describe how and where our data is stored in our systems applications or packages,duplicate,dsp1-q021,duplicate,,,,Semantic duplicate of an existing or retained DSP question.
DAMA Practice Attempts,DAMA Attempt 5,12,dama-attempt-5-q012,Which of these statements has the most meaningful relationship label?,An order is composed of order lines,added,,verified,An order is composed of order lines,154,152,
DAMA Practice Attempts,DAMA Attempt 5,18,dama-attempt-5-q018,Which of the following is the best example of the data quality dimension of 'consistency'?,All the records in the CRM have been accounted for in the data warehouse,added,,corrected,The phone numbers in the customer file do not adhere to the standard format,458,430,The source marker identifies a completeness example. DMBOK defines consistency to include consistent representation and format; the phone-number format option is the supported answer.
DAMA Practice Attempts,DAMA Attempt 5,21,dama-attempt-5-q021,Which of these are characteristics of an effective data security policy?,"The defined procedures ensure that the right people can use and update data in the right way, and that all inappropriate access and update is restricted",added,,verified,"The defined procedures ensure that the right people can use and update data in the right way, and that all inappropriate access and update is restricted",218,210,
DAMA Practice Attempts,DAMA Attempt 5,24,dama-attempt-5-q024,What is the role of the Data Governance Council in defining an Information Security policy?,The Data Governance Council should review and approve the high-level Data Security Policy,added,,verified,The Data Governance Council should review and approve the high-level Data Security Policy,248,238,
DAMA Practice Attempts,DAMA Attempt 5,38,dama-attempt-5-q038,What type of Meta-Data provides developers and administrators with knowledge and information about systems?,Technical Operational Meta-Data,added,,corrected,Technical Metadata,423,400,The source option combines two DMBOK metadata categories. The DMBOK-supported term for system/structure details is Technical Metadata; source wording is retained in provenance.
DAMA Practice Attempts,DAMA Attempt 5,39,dama-attempt-5-q039,The role of the Conceptual data model in the Metadata repository is:,To summarize the key data subject areas for a business area at a high level of abstraction to enable the major data concepts to be understood,duplicate,dsp1-q013,duplicate,,,,Semantic duplicate of an existing or retained DSP question.
DAMA Practice Attempts,DAMA Attempt 6,20,dama-attempt-6-q020,Top down' and 'bottom up' data analysis and profiling is best done in concert because:,It balances business relevance and the actual state of the data,added,,verified,It balances business relevance and the actual state of the data,492,461,
DAMA Practice Attempts,DAMA Attempt 6,27,dama-attempt-6-q027,Which of the following is not a good example of BI?,Statutory reporting to a Regulatory Body,added,,verified,Statutory reporting to a Regulatory Body,383,363,
DAMA Practice Attempts,DAMA Attempt 6,28,dama-attempt-6-q028,Critical to the incremental development of the data warehouse is:,A strong release management process,added,,verified,A strong release management process,399,378,
DAMA Practice Attempts,DAMA Attempt 6,36,dama-attempt-6-q036,What is the difference between an Industry and a Consensus Meta-Data Standard?,The terms are used interchangeably to describe the same concept,excluded,,excluded_unverifiable,,,,The supplied DMBOK does not define “Industry” and “Consensus” metadata standards as interchangeable categories.
DAMA Practice Attempts,DAMA Attempt 7,2,dama-attempt-7-q002,What Organization Structure should set the overall direction for Data Governance?,Data Governance Council,duplicate,dsp1-q033,duplicate,,,,Semantic duplicate of an existing or retained DSP question.
DAMA Practice Attempts,DAMA Attempt 7,5,dama-attempt-7-q005,Who is most responsible for communicating and promoting awareness on the value of Data Governance in the organization?,Everyone in the Data Management Community,added,,verified,Everyone in the Data Management Community,85,81,
DAMA Practice Attempts,DAMA Attempt 7,7,dama-attempt-7-q007,The needs of data protection require us to ensure that:,"Data is processed only in ways compatible with the intended and communicated use it was collected for, and respects the consent of the data subject",added,,verified,"Data is processed only in ways compatible with the intended and communicated use it was collected for, and respects the consent of the data subject",54,56,
DAMA Practice Attempts,DAMA Attempt 7,29,dama-attempt-7-q029,A comparatively new architectural approach is where volatile data is provisioned in a data warehouse structure to provide transactional systems with a combination of historical and near real-time data to meet customer needs. This is a definition of:,Active Data Warehousing,added,,verified,Active Data Warehousing,394,373,
DAMA Practice Attempts,DAMA Attempt 7,31,dama-attempt-7-q031,Which one of the following statements is true?,Master Data Management requires techniques for splitting or merging an instance of a business entity,added,,verified,Master Data Management requires techniques for splitting or merging an instance of a business entity,360,341,
